{"description": "données de test", "data": [{"label": "desserts", "vect": [{"pâte": 0.06301338005090412, "farine": 0.06301338005090412, "beurre": 0.041649578721552505, "oeufs": 0.06301338005090412, "pincée": 0.041649578721552505, "sel": 0.03150669002545206, "verres": 0.06301338005090412, "eau": 0.041649578721552505, "crème": 0.041649578721552505, "pâtissière": 0.06301338005090412, "lait": 0.06301338005090412, "maïzena": 0.041649578721552505, "cuillère": 0.041649578721552505, "soupe": 0.03150669002545206, "essence": 0.06301338005090412, "café": 0.041649578721552505, "sucre": 0.06301338005090412, "jaunes": 0.06301338005090412, "oeuf": 0.06301338005090412, "glaçage": 0.06301338005090412, "fondant": 0.06301338005090412, "boîte": 0.041649578721552505}, {"biscuit": 0.055451774444795626, "fraisier": 0.055451774444795626, "oeuf": 0.055451774444795626, "entiers": 0.055451774444795626, "farine": 0.055451774444795626, "sucre": 0.055451774444795626, "vanille": 0.055451774444795626, "poudre": 0.055451774444795626, "crème": 0.03665162927496621, "mousseline": 0.055451774444795626, "jaune": 0.055451774444795626, "lait": 0.055451774444795626, "litre": 0.055451774444795626, "maïzena": 0.03665162927496621, "beurre": 0.03665162927496621, "doux": 0.055451774444795626, "sirop": 0.055451774444795626, "eau": 0.03665162927496621, "décoration": 0.055451774444795626, "fraise": 0.055451774444795626, "lavée": 0.055451774444795626, "équeutée": 0.055451774444795626, "glace": 0.055451774444795626, "pâte": 0.055451774444795626, "amande": 0.055451774444795626}, {"noisette": 0.055451774444795626, "beurre": 0.03665162927496621, "farine": 0.055451774444795626, "maïzena": 0.03665162927496621, "cuillère": 0.03665162927496621, "soupe": 0.027725887222397813, "cacao": 0.055451774444795626, "oeufs": 0.055451774444795626, "sucre": 0.055451774444795626, "sirop": 0.055451774444795626, "eau": 0.03665162927496621, "ousse": 0.055451774444795626, "vanille": 0.055451774444795626, "ganache": 0.055451774444795626, "pralinée": 0.055451774444795626, "chocolat": 0.055451774444795626, "praliné": 0.055451774444795626, "type": 0.055451774444795626, "pralinoise": 0.055451774444795626, "noir": 0.055451774444795626, "crème": 0.03665162927496621, "liquide": 0.055451774444795626, "cuilère": 0.055451774444795626, "vermicelles": 0.055451774444795626, "pralin": 0.055451774444795626}]}, {"label": "entrees", "vect": [{"mayonnaise": 0.07296286111157319, "citron": 0.07296286111157319, "pressé": 0.07296286111157319, "thé": 0.07296286111157319, "sauce": 0.07296286111157319, "worcestershire": 0.07296286111157319, "tabasco": 0.07296286111157319, "goût": 0.07296286111157319, "boîte": 0.04822582799337658, "chair": 0.07296286111157319, "crabe": 0.07296286111157319, "branche": 0.07296286111157319, "céleri": 0.07296286111157319, "haché": 0.07296286111157319, "échalote": 0.07296286111157319, "hachée": 0.07296286111157319, "avocats": 0.07296286111157319, "piment": 0.04822582799337658, "espelette": 0.04822582799337658}, {"betterave": 0.12602676010180824, "feuilles": 0.12602676010180824, "persil": 0.12602676010180824, "soupe": 0.06301338005090412, "moutarde": 0.12602676010180824, "vinaigre": 0.12602676010180824, "balsamique": 0.12602676010180824, "huile": 0.08329915744310501, "olive": 0.08329915744310501, "sel": 0.06301338005090412, "poivre": 0.08329915744310501}, {"potimarron": 0.17328679513998632, "tranches": 0.17328679513998632, "jambon": 0.17328679513998632, "parme": 0.17328679513998632, "basilic": 0.17328679513998632, "feuilles": 0.17328679513998632, "sel": 0.08664339756999316, "poivre": 0.11453634148426939}]}, {"label": "plats", "vect": [{"eau": 0.05090504065967528, "riz": 0.07701635339554948, "risotto": 0.07701635339554948, "crevettes": 0.07701635339554948, "roses": 0.07701635339554948, "crème": 0.05090504065967528, "fraîche": 0.07701635339554948, "vin": 0.07701635339554948, "blanc": 0.07701635339554948, "oignons": 0.07701635339554948, "parmesan": 0.07701635339554948, "cube": 0.07701635339554948, "bouillon": 0.07701635339554948, "volaille": 0.07701635339554948, "huile": 0.05090504065967528, "olive": 0.05090504065967528, "cuillères": 0.07701635339554948, "soupe": 0.03850817669777474}, {"filets": 0.11552453009332421, "poulet": 0.11552453009332421, "tomates": 0.11552453009332421, "pommes": 0.11552453009332421, "terre": 0.11552453009332421, "concentré": 0.11552453009332421, "oignon": 0.11552453009332421, "piment": 0.07635756098951292, "espelette": 0.07635756098951292, "pincée": 0.07635756098951292, "sel": 0.057762265046662105, "poivre": 0.07635756098951292}, {"veau": 0.06301338005090412, "sauté": 0.06301338005090412, "carottes": 0.06301338005090412, "oignon": 0.06301338005090412, "vin": 0.06301338005090412, "muscat": 0.06301338005090412, "beurre": 0.041649578721552505, "ail": 0.06301338005090412, "gousse": 0.06301338005090412, "cube": 0.06301338005090412, "bouillon": 0.06301338005090412, "volaille": 0.06301338005090412, "huile": 0.041649578721552505, "olive": 0.041649578721552505, "cuillère": 0.041649578721552505, "soupe": 0.03150669002545206, "maïzena": 0.041649578721552505, "café": 0.041649578721552505, "bouquet": 0.06301338005090412, "garni": 0.06301338005090412, "sel": 0.03150669002545206, "poivre": 0.041649578721552505}]}]}