{"description": "données de test", "data": [{"label": "desserts", "vect": [{"pâte": 0.06301338005090412, "farine": 0.06301338005090412, "beurre": 0.041649578721552505, "oeufs": 0.06301338005090412, "pincée": 0.041649578721552505, "sel": 0.03150669002545206, "verres": 0.06301338005090412, "eau": 0.041649578721552505, "crème": 0.041649578721552505, "pâtissière": 0.06301338005090412, "lait": 0.06301338005090412, "maïzena": 0.041649578721552505, "cuillère": 0.041649578721552505, "soupe": 0.03150669002545206, "essence": 0.06301338005090412, "café": 0.041649578721552505, "sucre": 0.06301338005090412, "jaunes": 0.06301338005090412, "oeuf": 0.06301338005090412, "glaçage": 0.06301338005090412, "fondant": 0.06301338005090412, "boîte": 0.041649578721552505}, {"biscuit": 0.055451774444795626, "fraisier": 0.055451774444795626, "oeuf": 0.055451774444795626, "entiers": 0.055451774444795626, "farine": 0.055451774444795626, "sucre": 0.055451774444795626, "vanille": 0.055451774444795626, "poudre": 0.055451774444795626, "crème": 0.03665162927496621, "mousseline": 0.055451774444795626, "jaune": 0.055451774444795626, "lait": 0.055451774444795626, "litre": 0.055451774444795626, "maïzena": 0.03665162927496621, "beurre": 0.03665162927496621, "doux": 0.055451774444795626, "sirop": 0.055451774444795626, "eau": 0.03665162927496621, "décoration": 0.055451774444795626, "fraise": 0.055451774444795626, "lavée": 0.055451774444795626, "équeutée": 0.055451774444795626, "glace": 0.055451774444795626, "pâte": 0.055451774444795626, "amande": 0.055451774444795626}, {"noisette": 0.055451774444795626, "beurre": 0.03665162927496621, "farine": 0.055451774444795626, "maïzena": 0.03665162927496621, "cuillère": 0.03665162927496621, "soupe": 0.027725887222397813, "cacao": 0.055451774444795626, "oeufs": 0.055451774444795626, "sucre": 0.055451774444795626, "sirop": 0.055451774444795626, "eau": 0.03665162927496621, "ousse": 0.055451774444795626, "vanille": 0.055451774444795626, "ganache": 0.055451774444795626, "pralinée": 0.055451774444795626, "chocolat": 0.055451774444795626, "praliné": 0.055451774444795626, "type": 0.055451774444795626, "pralinoise": 0.055451774444795626, "noir": 0.055451774444795626, "crème": 0.03665162927496621, "liquide": 0.055451774444795626, "cuilère": 0.055451774444795626, "vermicelles": 0.055451774444795626, "pralin": 0.055451774444795626}, {"pâte": 0.06931471805599453, "chou": 0.06931471805599453, "farine": 0.06931471805599453, "sel": 0.03465735902799726, "lait": 0.04581453659370776, "eau": 0.04581453659370776, "beurre": 0.03465735902799726, "oeuf": 0.06931471805599453, "chantilly": 0.06931471805599453, "crème": 0.04581453659370776, "liquide": 0.06931471805599453, "sucre": 0.06931471805599453, "vanille": 0.06931471805599453, "gousse": 0.04581453659370776, "glace": 0.06931471805599453, "amande": 0.06931471805599453, "effilée": 0.06931471805599453, "sauce": 0.04581453659370776, "chocolat": 0.06931471805599453, "noir": 0.06931471805599453}, {"pâte": 0.06027366787477785, "feuilletée": 0.06027366787477785, "lait": 0.039838727472789354, "farine": 0.06027366787477785, "beurre": 0.030136833937388925, "ramolli": 0.06027366787477785, "sucre": 0.06027366787477785, "oeuf": 0.06027366787477785, "jaune": 0.06027366787477785, "oeufs": 0.06027366787477785, "gélatine": 0.06027366787477785, "feuilles": 0.039838727472789354, "parfum": 0.06027366787477785, "rhum": 0.06027366787477785, "kirsch": 0.06027366787477785, "blanc": 0.039838727472789354, "glace": 0.06027366787477785, "extrait": 0.06027366787477785, "café": 0.039838727472789354, "chicorée": 0.06027366787477785, "liquide": 0.06027366787477785, "vanille": 0.06027366787477785, "gousse": 0.039838727472789354}]}, {"label": "entrees", "vect": [{"mayonnaise": 0.07296286111157319, "citron": 0.07296286111157319, "pressé": 0.07296286111157319, "thé": 0.07296286111157319, "sauce": 0.07296286111157319, "worcestershire": 0.07296286111157319, "tabasco": 0.07296286111157319, "goût": 0.07296286111157319, "boîte": 0.04822582799337658, "chair": 0.07296286111157319, "crabe": 0.07296286111157319, "branche": 0.07296286111157319, "céleri": 0.07296286111157319, "haché": 0.07296286111157319, "échalote": 0.07296286111157319, "hachée": 0.07296286111157319, "avocats": 0.07296286111157319, "piment": 0.04822582799337658, "espelette": 0.04822582799337658}, {"betterave": 0.12602676010180824, "feuilles": 0.12602676010180824, "persil": 0.12602676010180824, "soupe": 0.06301338005090412, "moutarde": 0.12602676010180824, "vinaigre": 0.12602676010180824, "balsamique": 0.12602676010180824, "huile": 0.08329915744310501, "olive": 0.08329915744310501, "sel": 0.06301338005090412, "poivre": 0.08329915744310501}, {"potimarron": 0.17328679513998632, "tranches": 0.17328679513998632, "jambon": 0.17328679513998632, "parme": 0.17328679513998632, "basilic": 0.17328679513998632, "feuilles": 0.17328679513998632, "sel": 0.08664339756999316, "poivre": 0.11453634148426939}, {"tranches": 0.08664339756999316, "fines": 0.08664339756999316, "jambon": 0.08664339756999316, "rostello": 0.08664339756999316, "botte": 0.08664339756999316, "radis": 0.08664339756999316, "boules": 0.08664339756999316, "plaques": 0.08664339756999316, "ravioles": 0.08664339756999316, "roman": 0.08664339756999316, "ciboulette": 0.08664339756999316, "beurre": 0.04332169878499658, "fleur": 0.08664339756999316, "sel": 0.04332169878499658, "huile": 0.057268170742134694, "friture": 0.08664339756999316}, {"boulgour": 0.09902102579427789, "fin": 0.09902102579427789, "feuilles": 0.06544933799101108, "menthe": 0.09902102579427789, "tomates": 0.06544933799101108, "bouquet": 0.06544933799101108, "persil": 0.06544933799101108, "oignon": 0.06544933799101108, "citron": 0.06544933799101108, "soupe": 0.049510512897138946, "huile": 0.06544933799101108, "olive": 0.06544933799101108, "sel": 0.049510512897138946, "poivre": 0.06544933799101108}]}, {"label": "plats", "vect": [{"eau": 0.05090504065967528, "riz": 0.07701635339554948, "risotto": 0.07701635339554948, "crevettes": 0.07701635339554948, "roses": 0.07701635339554948, "crème": 0.05090504065967528, "fraîche": 0.07701635339554948, "vin": 0.07701635339554948, "blanc": 0.07701635339554948, "oignons": 0.07701635339554948, "parmesan": 0.07701635339554948, "cube": 0.07701635339554948, "bouillon": 0.07701635339554948, "volaille": 0.07701635339554948, "huile": 0.05090504065967528, "olive": 0.05090504065967528, "cuillères": 0.07701635339554948, "soupe": 0.03850817669777474}, {"filets": 0.11552453009332421, "poulet": 0.11552453009332421, "tomates": 0.11552453009332421, "pommes": 0.11552453009332421, "terre": 0.11552453009332421, "concentré": 0.11552453009332421, "oignon": 0.11552453009332421, "piment": 0.07635756098951292, "espelette": 0.07635756098951292, "pincée": 0.07635756098951292, "sel": 0.057762265046662105, "poivre": 0.07635756098951292}, {"veau": 0.06301338005090412, "sauté": 0.06301338005090412, "carottes": 0.06301338005090412, "oignon": 0.06301338005090412, "vin": 0.06301338005090412, "muscat": 0.06301338005090412, "beurre": 0.041649578721552505, "ail": 0.06301338005090412, "gousse": 0.06301338005090412, "cube": 0.06301338005090412, "bouillon": 0.06301338005090412, "volaille": 0.06301338005090412, "huile": 0.041649578721552505, "olive": 0.041649578721552505, "cuillère": 0.041649578721552505, "soupe": 0.03150669002545206, "maïzena": 0.041649578721552505, "café": 0.041649578721552505, "bouquet": 0.06301338005090412, "garni": 0.06301338005090412, "sel": 0.03150669002545206, "poivre": 0.041649578721552505}, {"escalopes": 0.055451774444795626, "poulet": 0.055451774444795626, "morceau": 0.055451774444795626, "gingembre": 0.055451774444795626, "gousses": 0.055451774444795626, "ail": 0.055451774444795626, "bouquet": 0.03665162927496621, "coriandre": 0.055451774444795626, "jus": 0.055451774444795626, "citron": 0.03665162927496621, "vert": 0.055451774444795626, "soupe": 0.027725887222397813, "huile": 0.03665162927496621, "olive": 0.03665162927496621, "curry": 0.055451774444795626,